Username;Gender;Firstname;Nom;E-mail;Unit
ANPA;Madam;Anna;Parcino;anna.p@test.com;A1
FRGA;Sir;Francis;Gallagan;francis.g@test.com;A2
ANWI;Madam;Angela;Windy;angela.w@test.com;A2
HEFO;Sir;Henry;Fonda;henry.f@test.com;A3
THSW;Madam;Therese;Swapper;therese.s@test.com;A4
DAST;Sir;Daniel;Stern;daniel.s@test.com;A1
JOSM;Sir;John;Smith;john.s@test.com;A3
LUMA;Madam;Lucia;Martel;lucia.m@test.com;A4
JAGU;Madam;Joana;Gullenberg;joana.g@test.com;A5
